Merchant,Top 50 Sub-merchant của Google
GGPlay,Thanh toán Canva AI Photo qua Google Play
GGPlay,Thanh toán Garena Mobile qua Google Play
GGPlay,Thanh toán Microsoft Word qua Google Play
GGPlay,Thanh toán IQIYI SG qua Google Play
GGPlay,Thanh toán Microsoft Powe qua Google Play
GGPlay,Thanh toán Microsoft OneD qua Google Play
GGPlay,Thanh toán VieON for Andr qua Google Play
GGPlay,Thanh toán Free Fire MAX qua Google Play
GGPlay,Thanh toán PUBG Mobile VN qua Google Play
GGPlay,Thanh toán FPT Play K Spo qua Google Play
GGPlay,Thanh toán 1 1 1 1 WARP S qua Google Play
GGPlay,Thanh toán Discord qua Google Play
GGPlay,Thanh toán Microsoft Exce qua Google Play
GGPlay,Thanh toán CamScanner qua Google Play
GGPlay,Thanh toán Coin Master qua Google Play
GGPlay,Thanh toán Discord Talk P qua Google Play
GGPlay,Thanh toán Zalo qua Google Play
GGPlay,Thanh toán VieON qua Google Play
GGPlay,Thanh toán Palmon Surviva qua Google Play
GGPlay,Thanh toán Canva Pty Ltd qua Google Play
GGPlay,Thanh toán NordVPN qua Google Play
GGPlay,Thanh toán FC Mobile VN qua Google Play
GGPlay,Thanh toán VieON Movie Sp qua Google Play
GGPlay,Thanh toán Gardenscapes qua Google Play
GGPlay,Thanh toán Google One qua Google Play
GGPlay,Thanh toán CamScanner sca qua Google Play
GGPlay,Thanh toán Microsoft 365 qua Google Play
GGPlay,Thanh toán Genshin Impact qua Google Play
GGPlay,Thanh toán Travel Town Me qua Google Play
GGPlay,Thanh toán Mobile Legends qua Google Play
GGPlay,Thanh toán Puzzles Chaos qua Google Play
GGPlay,Thanh toán WPS SOFTWARE qua Google Play
GGPlay,Thanh toán Last Z Surviva qua Google Play
GGPlay,Thanh toán Spotify Music qua Google Play
GGPlay,Thanh toán Lords Mobile G qua Google Play
GGPlay,Thanh toán Duolingo Langu qua Google Play
GGPlay,Thanh toán Honkai Star Ra qua Google Play
GGPlay,Thanh toán Spotify qua Google Play
GGPlay,Thanh toán ChatGPT qua Google Play
GGPlay,Thanh toán WPS Office PDF qua Google Play
GGPlay,Thanh toán Duolingo qua Google Play
GGPlay,Thanh toán Play Together qua Google Play
GGPlay,Thanh toán iQIYI Drama An qua Google Play
GGPlay,Thanh toán ELSA Speak Eng qua Google Play
GGPlay,Thanh toán Google Storage qua Google Play
GGPlay,Thanh toán Rise of Kingdo qua Google Play
GGPlay,Thanh toán Free Fire Ligh qua Google Play
GGPlay,Thanh toán YouTube qua Google Play
GGPlay,Thanh toán Microsoft Outl qua Google Play
GGPlay,Thanh toán Candy Crush Sa qua Google Play
GGPlay,Thanh toán WePlay Party G qua Google Play
GGPlay,Thanh toán Microsoft Apps qua Google Play
GGPlay,Thanh toán Last War Survi qua Google Play
GGPlay,Thanh toán CapCut Video E qua Google Play
